品种,单位,菜篮子价,康瑞达价,日期,上传时间
本地菜心,元/公斤,10.72,8.79,2024-12-25,2024-12-26 23:08:37
小塘白菜（上海青）,元/公斤,8.58,7.03,2024-12-25,2024-12-26 23:08:37
西生菜,元/公斤,11.38,9.33,2024-12-25,2024-12-26 23:08:37
绍菜(大白菜),元/公斤,6.18,5.06,2024-12-25,2024-12-26 23:08:37
芥兰,元/公斤,11.38,9.33,2024-12-25,2024-12-26 23:08:37
椰菜花（实花）,元/公斤,10.6,8.69,2024-12-25,2024-12-26 23:08:37
青皮冬瓜,元/公斤,5.47,4.48,2024-12-25,2024-12-26 23:08:37
青豆角,元/公斤,18.29,14.99,2024-12-25,2024-12-26 23:08:37
本地芹菜,元/公斤,11.75,9.63,2024-12-25,2024-12-26 23:08:37
椰菜,元/公斤,6,4.92,2024-12-25,2024-12-26 23:08:37
云南小瓜,元/公斤,8.36,6.85,2024-12-25,2024-12-26 23:08:37
南瓜,元/公斤,6.73,5.51,2024-12-25,2024-12-26 23:08:37
荷兰豆,元/公斤,20.75,17.01,2024-12-25,2024-12-26 23:08:37
洋葱,元/公斤,7.22,5.92,2024-12-25,2024-12-26 23:08:37
蒜头,元/公斤,19.22,15.76,2024-12-25,2024-12-26 23:08:37
玉米条,元/公斤,,7.6,2024-12-25,2024-12-26 23:08:37
韭王,元/公斤,,16,2024-12-25,2024-12-26 23:08:37
小节瓜（毛节）,元/公斤,,6,2024-12-25,2024-12-26 23:08:37
水瓜,元/公斤,,6,2024-12-25,2024-12-26 23:08:37
京葱,元/公斤,,10,2024-12-25,2024-12-26 23:08:37
黄心白菜,元/公斤,,3.6,2024-12-25,2024-12-26 23:08:37
大白菜,元/公斤,,5.2,2024-12-25,2024-12-26 23:08:37
湖南红椒,元/公斤,,12,2024-12-25,2024-12-26 23:08:37
马蹄肉,元/公斤,,26,2024-12-25,2024-12-26 23:08:37
干葱头,元/公斤,,32,2024-12-25,2024-12-26 23:08:37
松菜花,元/公斤,,9,2024-12-25,2024-12-26 23:08:37
韭菜花,元/公斤,,38,2024-12-25,2024-12-26 23:08:37
线椒,元/公斤,,15,2024-12-25,2024-12-26 23:08:37
紫包菜,元/公斤,,8,2024-12-25,2024-12-26 23:08:37
荷兰豆（去丝）,元/公斤,,26,2024-12-25,2024-12-26 23:08:37
宁夏菜心,元/公斤,,8,2024-12-25,2024-12-26 23:08:37
迟菜心,元/公斤,,8,2024-12-25,2024-12-26 23:08:37
蟹味菇,元/公斤,,20,2024-12-25,2024-12-26 23:08:37
杏鲍菇,元/公斤,,10,2024-12-25,2024-12-26 23:08:37
金针菇,元/公斤,,10,2024-12-25,2024-12-26 23:08:37
水木耳,元/公斤,,18,2024-12-25,2024-12-26 23:08:37
厚海带丝,元/公斤,,11,2024-12-25,2024-12-26 23:08:37
魔芋丝4kg,元/件,,48,2024-12-25,2024-12-26 23:08:37
水晶梨2个/斤,元/公斤,,10,2024-12-25,2024-12-26 23:08:37
香蕉2只/斤,元/公斤,,8,2024-12-25,2024-12-26 23:08:37
粉蕉4只/斤,元/公斤,,12,2024-12-25,2024-12-26 23:08:37
黄柠檬2个/包/半斤,包,,7,2024-12-25,2024-12-26 23:08:37
白火龙果,元/公斤,,11,2024-12-25,2024-12-26 23:08:37
红火龙果,元/公斤,,11,2024-12-25,2024-12-26 23:08:37
江西脐橙,元/公斤,,11,2024-12-25,2024-12-26 23:08:37
沙糖桔（正）,元/公斤,,19,2024-12-25,2024-12-26 23:08:37
冻排骨,元/公斤,51.89,42.54,2024-12-25,2024-12-26 23:08:37
带鱼,元/公斤,59.78,49.01,2024-12-25,2024-12-26 23:08:37
鱿鱼,元/公斤,62,50.84,2024-12-25,2024-12-26 23:08:37
鱼腐,元/公斤,,50,2024-12-25,2024-12-26 23:08:37
生鱼,元/公斤,30.67,25.14,2024-12-25,2024-12-26 23:08:37
开刀草鱼,元/公斤,29.25,23.98,2024-12-25,2024-12-26 23:08:37
原条鲮鱼,元/公斤,39.29,32.21,2024-12-25,2024-12-26 23:08:37
鱼头（0.5-0.7kg/个）,元/公斤,,40,2024-12-25,2024-12-26 23:08:37
大鱼腩,元/公斤,,14,2024-12-25,2024-12-26 23:08:37
草鱼肉,元/公斤,,30,2024-12-25,2024-12-26 23:08:37
白贝（沙白）,元/公斤,,26,2024-12-25,2024-12-26 23:08:37
鲜泥鳅,元/公斤,,32,2024-12-25,2024-12-26 23:08:37
冻金仓鱼（杀好）,元/公斤,,126,2024-12-25,2024-12-26 23:08:37
九肚鱼（豆腐鱼）杀,元/公斤,,70,2024-12-25,2024-12-26 23:08:37
精瘦肉,元/公斤,41.11,33.71,2024-12-25,2024-12-26 23:08:37
排骨,元/公斤,62.89,51.56,2024-12-25,2024-12-26 23:08:37
猪肝,元/公斤,,22,2024-12-25,2024-12-26 23:08:37
猪肚,元/个,,56,2024-12-25,2024-12-26 23:08:37
猪大利,元/公斤,,32,2024-12-25,2024-12-26 23:08:37
猪耳仔,元/公斤,,50,2024-12-25,2024-12-26 23:08:37
猪头骨,元/公斤,,15,2024-12-25,2024-12-26 23:08:37
肉胶,元/公斤,,58,2024-12-25,2024-12-26 23:08:37
牛展,元/公斤,,132,2024-12-25,2024-12-26 23:08:37
牛骨,元/公斤,,25,2024-12-25,2024-12-26 23:08:37
牛板筋,元/公斤,,100,2024-12-25,2024-12-26 23:08:37
牛肚,元/公斤,,55,2024-12-25,2024-12-26 23:08:37
牛百叶,元/公斤,,142,2024-12-25,2024-12-26 23:08:37
牛心,元/公斤,,40,2024-12-25,2024-12-26 23:08:37
牛腩（坑腩）,元/公斤,,110,2024-12-25,2024-12-26 23:08:37
驴肉,元/公斤,,125,2024-12-25,2024-12-26 23:08:37
板豆腐3.0kg/板,板,,12,2024-12-25,2024-12-26 23:08:37
客家豆腐7.5kg/板,板,,24.5,2024-12-25,2024-12-26 23:08:37
大豆泡,元/公斤,,17.5,2024-12-25,2024-12-26 23:08:37
千张,元/公斤,,11.5,2024-12-25,2024-12-26 23:08:37
老豆腐,元/公斤,,5.5,2024-12-25,2024-12-26 23:08:37
白干,元/公斤,,7.5,2024-12-25,2024-12-26 23:08:37
熏干,元/公斤,,9.5,2024-12-25,2024-12-26 23:08:37
香干,元/公斤,,9,2024-12-25,2024-12-26 23:08:37
攸县香干,元/公斤,,10.5,2024-12-25,2024-12-26 23:08:37
油豆干 ,元/公斤,,13,2024-12-25,2024-12-26 23:08:37
油面筋,元/公斤,,23,2024-12-25,2024-12-26 23:08:37
豆腐串,元/串,,1.2,2024-12-25,2024-12-26 23:08:37
萝卜条,元/公斤,,9.23,2024-12-25,2024-12-26 23:08:37
咸菜,元/公斤,,9.23,2024-12-25,2024-12-26 23:08:37
雪里红,元/公斤,,8.09,2024-12-25,2024-12-26 23:08:37
酸豆角,元/公斤,,9.84,2024-12-25,2024-12-26 23:08:37
梅菜,元/公斤,,10,2024-12-25,2024-12-26 23:08:37
榨菜,元/公斤,,6.14,2024-12-25,2024-12-26 23:08:37
榨菜丝,元/公斤,,6.14,2024-12-25,2024-12-26 23:08:37
泡椒,元/公斤,,7,2024-12-25,2024-12-26 23:08:37
绿豆,元/公斤,,15,2024-12-25,2024-12-26 23:08:37
花生米,元/公斤,,15,2024-12-25,2024-12-26 23:08:37
红腰豆,元/公斤,,18,2024-12-25,2024-12-26 23:08:37
黑木耳,元/公斤,,56,2024-12-25,2024-12-26 23:08:37
干剑花,元/公斤,,65,2024-12-25,2024-12-26 23:08:37
无芯红莲,元/公斤,,53,2024-12-25,2024-12-26 23:08:37
红枣,元/公斤,,24,2024-12-25,2024-12-26 23:08:37
黄花,元/公斤,,65,2024-12-25,2024-12-26 23:08:37
南瓜仁,元/公斤,,62,2024-12-25,2024-12-26 23:08:37
南北杏仁,元/公斤,,55,2024-12-25,2024-12-26 23:08:37
干提子,元/公斤,,34,2024-12-25,2024-12-26 23:08:37
干虾米（小）,元/公斤,,115,2024-12-25,2024-12-26 23:08:37
干虾仁（大）,元/公斤,,166,2024-12-25,2024-12-26 23:08:37
虾皮,元/公斤,,58,2024-12-25,2024-12-26 23:08:37
干豆角,元/公斤,,44,2024-12-25,2024-12-26 23:08:37
笋干,元/公斤,,65,2024-12-25,2024-12-26 23:08:37
干虫草花,元/公斤,,105,2024-12-25,2024-12-26 23:08:37
花旗参,元/公斤,,250,2024-12-25,2024-12-26 23:08:37
桂皮,元/公斤,,26,2024-12-25,2024-12-26 23:08:37
银华贡米,元/公斤,,6.2,2024-12-25,2024-12-26 23:08:37
20L福掌柜大豆油（非转基因）,箱,,317,2024-12-25,2024-12-26 23:08:37
20L聚美味大豆油（一般）,箱,,242,2024-12-25,2024-12-26 23:08:37
矮脚白菜(奶白菜）,元/公斤,11,9.02,2024-12-25,2024-12-26 23:08:37
大芥菜,元/公斤,7.73,6.33,2024-12-25,2024-12-26 23:08:37
菠菜,元/公斤,11.78,9.65,2024-12-25,2024-12-26 23:08:37
西洋菜,元/公斤,9,7.38,2024-12-25,2024-12-26 23:08:37
红萝卜,元/公斤,6.22,5.1,2024-12-25,2024-12-26 23:08:37
西兰花,元/公斤,11.11,9.11,2024-12-25,2024-12-26 23:08:37
青瓜（黄瓜）,元/公斤,8.58,7.03,2024-12-25,2024-12-26 23:08:37
白豆角,元/公斤,12.89,10.56,2024-12-25,2024-12-26 23:08:37
西芹（一般）,元/公斤,9.33,7.65,2024-12-25,2024-12-26 23:08:37
大蒜（蒜苗）,元/公斤,13.63,11.17,2024-12-25,2024-12-26 23:08:37
丝瓜,元/公斤,12.44,10.2,2024-12-25,2024-12-26 23:08:37
圆椒,元/公斤,10.75,8.81,2024-12-25,2024-12-26 23:08:37
小豆芽菜（绿豆芽）,元/公斤,5.13,4.2,2024-12-25,2024-12-26 23:08:37
大肉姜(生姜),元/公斤,19.22,15.76,2024-12-25,2024-12-26 23:08:37
玉米粒,元/公斤,,8,2024-12-25,2024-12-26 23:08:37
沙葛,元/公斤,,8,2024-12-25,2024-12-26 23:08:37
佛手瓜,元/公斤,,8,2024-12-25,2024-12-26 23:08:37
长节瓜,元/公斤,,4.2,2024-12-25,2024-12-26 23:08:37
小葱（白）,元/公斤,,18,2024-12-25,2024-12-26 23:08:37
葱（红）,元/公斤,,18,2024-12-25,2024-12-26 23:08:37
沙姜,元/公斤,,22,2024-12-25,2024-12-26 23:08:37
红米椒,元/公斤,,14,2024-12-25,2024-12-26 23:08:37
青紫苏,元/公斤,,13,2024-12-25,2024-12-26 23:08:37
铁棍淮山,元/公斤,,20,2024-12-25,2024-12-26 23:08:37
本地黄肉姜,元/公斤,,14,2024-12-25,2024-12-26 23:08:37
番薯叶,元/公斤,,10,2024-12-25,2024-12-26 23:08:37
杞枸叶,元/公斤,,16,2024-12-25,2024-12-26 23:08:37
去皮沙葛,元/公斤,,10,2024-12-25,2024-12-26 23:08:37
芦笋,元/公斤,,50,2024-12-25,2024-12-26 23:08:37
番茜,元/公斤,,20,2024-12-25,2024-12-26 23:08:37
白菜心（水白心）,元/公斤,,8,2024-12-25,2024-12-26 23:08:37
红菜心,元/公斤,,19,2024-12-25,2024-12-26 23:08:37
草菇,元/公斤,,46,2024-12-25,2024-12-26 23:08:37
姬菇,元/公斤,,20,2024-12-25,2024-12-26 23:08:37
萍菇,元/公斤,,8,2024-12-25,2024-12-26 23:08:37
鲜蘑菇,元/公斤,,23,2024-12-25,2024-12-26 23:08:37
紫罗兰(兰花),元/公斤,,60,2024-12-25,2024-12-26 23:08:37
香梨3个/斤,元/公斤,,17,2024-12-25,2024-12-26 23:08:37
国产红提（无核）,元/公斤,,29,2024-12-25,2024-12-26 23:08:37
西瓜（黑美人）,元/公斤,,8,2024-12-25,2024-12-26 23:08:37
西瓜（麒麟）,元/公斤,,11,2024-12-25,2024-12-26 23:08:37
哈蜜瓜（青）,元/公斤,,11.6,2024-12-25,2024-12-26 23:08:37
皇帝柑,元/公斤,,10,2024-12-25,2024-12-26 23:08:37
番石榴,元/公斤,,10,2024-12-25,2024-12-26 23:08:37
冰糖橙,元/公斤,,10,2024-12-25,2024-12-26 23:08:37
冻鸡翼,元/公斤,42.67,34.98,2024-12-25,2024-12-26 23:08:37
冻黄花鱼(黄鱼),元/公斤,48,39.36,2024-12-25,2024-12-26 23:08:37
双汇火腿三文治1kg,条,,31,2024-12-25,2024-12-26 23:08:37
黄鳝,元/公斤,69,56.58,2024-12-25,2024-12-26 23:08:37
原条鳙鱼(花鲢、胖头鱼),元/公斤,20.67,16.94,2024-12-25,2024-12-26 23:08:37
鲫鱼,元/公斤,29.71,24.36,2024-12-25,2024-12-26 23:08:37
靓鱼胶,元/公斤,,22,2024-12-25,2024-12-26 23:08:37
桂花鱼,元/公斤,,148,2024-12-25,2024-12-26 23:08:37
大鱼肉,元/公斤,,16,2024-12-25,2024-12-26 23:08:37
黄骨鱼（杀）,元/公斤,,66,2024-12-25,2024-12-26 23:08:37
剥皮牛（16条/斤）（净）,元/公斤,,176,2024-12-25,2024-12-26 23:08:37
剥皮牛（1条/斤）（净）,元/公斤,,102,2024-12-25,2024-12-26 23:08:37
白仓鱼6条/斤（净）,元/公斤,,80,2024-12-25,2024-12-26 23:08:37
有皮上肉（带皮后腿肉）,元/公斤,36.4,29.84,2024-12-25,2024-12-26 23:08:37
鲜牛肉,元/公斤,101.56,83.27,2024-12-25,2024-12-26 23:08:37
猪红,元/公斤,,6,2024-12-25,2024-12-26 23:08:37
猪手,元/公斤,,40,2024-12-25,2024-12-26 23:08:37
扇骨（脊骨）,元/公斤,,32,2024-12-25,2024-12-26 23:08:37
猪尾（短尾）,元/公斤,,34,2024-12-25,2024-12-26 23:08:37
猪大展,元/公斤,,38,2024-12-25,2024-12-26 23:08:37
猪小展,元/公斤,,54,2024-12-25,2024-12-26 23:08:37
圆蹄,元/公斤,,40,2024-12-25,2024-12-26 23:08:37
光鹅,元/公斤,,50,2024-12-25,2024-12-26 23:08:37
番鸭（光）,元/公斤,,28,2024-12-25,2024-12-26 23:08:37
麻鸭（光）,元/公斤,,32,2024-12-25,2024-12-26 23:08:37
牛肠,元/公斤,,40,2024-12-25,2024-12-26 23:08:37
牛肺,元/个,,59,2024-12-25,2024-12-26 23:08:37
羊肉（无杂）,元/公斤,,100,2024-12-25,2024-12-26 23:08:37
羊排（无杂）,元/公斤,,120,2024-12-25,2024-12-26 23:08:37
布拉肠粉,元/公斤,,4.6,2024-12-25,2024-12-26 23:08:37
陈村粉,元/公斤,,4.6,2024-12-25,2024-12-26 23:08:37
猪肠粉,元/公斤,,4.6,2024-12-25,2024-12-26 23:08:37
魔芋豆腐,元/公斤,,3,2024-12-25,2024-12-26 23:08:37
刀削面,元/公斤,,8.6,2024-12-25,2024-12-26 23:08:37
新鲜米线,元/公斤,,4.6,2024-12-25,2024-12-26 23:08:37
大馄饨皮,元/公斤,,9.4,2024-12-25,2024-12-26 23:08:37
水饺皮,元/公斤,,9.4,2024-12-25,2024-12-26 23:08:37
手工春卷皮,元/公斤,,30.6,2024-12-25,2024-12-26 23:08:37
拉面,元/公斤,,9.4,2024-12-25,2024-12-26 23:08:37
普通粗切面,元/公斤,,9.4,2024-12-25,2024-12-26 23:08:37
普通细切面,元/公斤,,9.4,2024-12-25,2024-12-26 23:08:37
新鲜河粉,元/公斤,,4.6,2024-12-25,2024-12-26 23:08:37
酸笋条,元/公斤,,10,2024-12-25,2024-12-26 23:08:37
辣三鲜,元/公斤,,9,2024-12-25,2024-12-26 23:08:37
大头菜,元/公斤,,9,2024-12-25,2024-12-26 23:08:37
咸酸菜,元/公斤,,9.5,2024-12-25,2024-12-26 23:08:37
酸豆角,元/公斤,,7.5,2024-12-25,2024-12-26 23:08:37
萝卜脯,元/公斤,,12,2024-12-25,2024-12-26 23:08:37
红油萝卜丁,元/公斤,,13.33,2024-12-25,2024-12-26 23:08:37
红豆(红小豆）,元/公斤,,20,2024-12-25,2024-12-26 23:08:37
玉米粉,元/公斤,,6,2024-12-25,2024-12-26 23:08:37
红米,元/公斤,,14,2024-12-25,2024-12-26 23:08:37
云耳,元/公斤,,120,2024-12-25,2024-12-26 23:08:37
腐竹,元/公斤,,32,2024-12-25,2024-12-26 23:08:37
小麦,元/公斤,,6,2024-12-25,2024-12-26 23:08:37
白菜干（靓）,元/公斤,,44,2024-12-25,2024-12-26 23:08:37
粉丝,元/公斤,,10,2024-12-25,2024-12-26 23:08:37
糯米,元/公斤,,10,2024-12-25,2024-12-26 23:08:37
陈皮,元/公斤,,72,2024-12-25,2024-12-26 23:08:37
白芝麻,元/公斤,,22,2024-12-25,2024-12-26 23:08:37
无花果,元/公斤,,56,2024-12-25,2024-12-26 23:08:37
小米,元/公斤,,12,2024-12-25,2024-12-26 23:08:37
桃胶,元/公斤,,84,2024-12-25,2024-12-26 23:08:37
荷叶,元/公斤,,36,2024-12-25,2024-12-26 23:08:37
八角,元/公斤,,96,2024-12-25,2024-12-26 23:08:37
辣椒干,元/公斤,,28,2024-12-25,2024-12-26 23:08:37
,元/公斤,,,2024-12-25,2024-12-26 23:08:37
嘉粮香丝苗米15kg/包,包,,104,2024-12-25,2024-12-26 23:08:37
20L鼎皇植物调和油,箱,,265,2024-12-25,2024-12-26 23:08:37
20L福掌柜转基因油1*2,箱,,265,2024-12-25,2024-12-26 23:08:37
本地白菜,元/公斤,8.67,7.1,2024-12-25,2024-12-26 23:08:37
生菜,元/公斤,8.62,7.06,2024-12-25,2024-12-26 23:08:37
油麦菜,元/公斤,8.82,7.23,2024-12-25,2024-12-26 23:08:37
西红柿,元/公斤,9.33,7.65,2024-12-25,2024-12-26 23:08:37
白萝卜,元/公斤,5,4.1,2024-12-25,2024-12-26 23:08:37
水空心菜,元/公斤,10.3,8.44,2024-12-25,2024-12-26 23:08:37
茄瓜（茄子）,元/公斤,8.82,7.23,2024-12-25,2024-12-26 23:08:37
土豆,元/公斤,6.62,5.42,2024-12-25,2024-12-26 23:08:37
莴笋,元/公斤,7.3,5.98,2024-12-25,2024-12-26 23:08:37
蒜心（蒜苔),元/公斤,17.89,14.66,2024-12-25,2024-12-26 23:08:37
苦瓜,元/公斤,9.42,7.72,2024-12-25,2024-12-26 23:08:37
青尖椒,元/公斤,9.33,7.65,2024-12-25,2024-12-26 23:08:37
韭菜,元/公斤,10.7,8.77,2024-12-25,2024-12-26 23:08:37
莲藕,元/公斤,9.93,8.14,2024-12-25,2024-12-26 23:08:37
菠萝肉,元/公斤,,14,2024-12-25,2024-12-26 23:08:37
彩椒,元/公斤,,22,2024-12-25,2024-12-26 23:08:37
红肉木瓜,元/公斤,,7,2024-12-25,2024-12-26 23:08:37
香芋,元/公斤,,10.6,2024-12-25,2024-12-26 23:08:37
芫茜,元/公斤,,17,2024-12-25,2024-12-26 23:08:37
平包,元/公斤,,6,2024-12-25,2024-12-26 23:08:37
大红椒,元/公斤,,14,2024-12-25,2024-12-26 23:08:37
蒜肉,元/公斤,,14,2024-12-25,2024-12-26 23:08:37
姜肉,元/公斤,,18,2024-12-25,2024-12-26 23:08:37
鲜淮山,元/公斤,,18,2024-12-25,2024-12-26 23:08:37
本地红萝卜,元/公斤,,6,2024-12-25,2024-12-26 23:08:37
小红薯,元/公斤,,8,2024-12-25,2024-12-26 23:08:37
紫薯,元/公斤,,9.6,2024-12-25,2024-12-26 23:08:37
粉葛,元/公斤,,10,2024-12-25,2024-12-26 23:08:37
鲜百合,元/公斤,,86,2024-12-25,2024-12-26 23:08:37
鲜玉米笋,元/公斤,,36,2024-12-25,2024-12-26 23:08:37
贝贝南瓜,元/公斤,,9,2024-12-25,2024-12-26 23:08:37
青榄,元/公斤,,30,2024-12-25,2024-12-26 23:08:37
鲜香菇,元/公斤,,18,2024-12-25,2024-12-26 23:08:37
茶树菇,元/公斤,,16,2024-12-25,2024-12-26 23:08:37
鸡腿菇,元/公斤,,36,2024-12-25,2024-12-26 23:08:37
白灵菇,元/公斤,,68,2024-12-25,2024-12-26 23:08:37
白玉菇,元/公斤,,20,2024-12-25,2024-12-26 23:08:37
贡梨0.8斤/个,元/公斤,,9,2024-12-25,2024-12-26 23:08:37
75苹果3个/斤,元/公斤,,14,2024-12-25,2024-12-26 23:08:37
80苹果2个/斤,元/公斤,,15,2024-12-25,2024-12-26 23:08:37
新奇士2只/斤,元/公斤,,缺货,2024-12-25,2024-12-26 23:08:37
杨桃,元/公斤,,12,2024-12-25,2024-12-26 23:08:37
圣女果40只/斤,元/公斤,,15,2024-12-25,2024-12-26 23:08:37
冬枣,元/公斤,,18,2024-12-25,2024-12-26 23:08:37
甜柑,元/公斤,,9,2024-12-25,2024-12-26 23:08:37
冻凤爪,元/公斤,40.22,32.98,2024-12-25,2024-12-26 23:08:37
红三鱼（金钱鱼),元/公斤,65.78,53.93,2024-12-25,2024-12-26 23:08:37
牛仔骨（800克/10包）,元/箱,,865,2024-12-25,2024-12-26 23:08:37
原条草鱼(1000克左右一条),元/公斤,23.13,18.96,2024-12-25,2024-12-26 23:08:37
开刀鳙鱼,元/公斤,21.71,17.8,2024-12-25,2024-12-26 23:08:37
鲈鱼,元/公斤,41.33,33.89,2024-12-25,2024-12-26 23:08:37
鲮鱼胶,元/公斤,,38,2024-12-25,2024-12-26 23:08:37
多宝鱼,元/公斤,,84,2024-12-25,2024-12-26 23:08:37
鲮鱼骨,元/公斤,,6,2024-12-25,2024-12-26 23:08:37
马胶鱼,元/公斤,,86,2024-12-25,2024-12-26 23:08:37
青池鱼2-3两（净）,元/公斤,,52,2024-12-25,2024-12-26 23:08:37
沙尖鱼17条/斤（净）,元/公斤,,96,2024-12-25,2024-12-26 23:08:37
山坑草鱼,元/公斤,,36,2024-12-25,2024-12-26 23:08:37
肋条肉（五花肉）,元/公斤,35.89,29.42,2024-12-25,2024-12-26 23:08:37
生宰光鸡(白条鸡）,元/公斤,35.33,28.97,2024-12-25,2024-12-26 23:08:37
白壳鸡蛋,元/公斤,,13.2,2024-12-25,2024-12-26 23:08:37
鹌鹑蛋,元/公斤,,22,2024-12-25,2024-12-26 23:08:37
光清远鸡,元/公斤,,42,2024-12-25,2024-12-26 23:08:37
靓光清远鸡,元/公斤,,55,2024-12-25,2024-12-26 23:08:37
光湛江鸡,元/公斤,,54,2024-12-25,2024-12-26 23:08:37
光鸡项（小母鸡）,元/公斤,,36,2024-12-25,2024-12-26 23:08:37
咸蛋黄（20个）,包,,22,2024-12-25,2024-12-26 23:08:37
皮蛋(黄心),只,,2,2024-12-25,2024-12-26 23:08:37
咸蛋,只,,2,2024-12-25,2024-12-26 23:08:37
皇上皇腊肉,元/公斤,,156,2024-12-25,2024-12-26 23:08:37
皇上皇腊肠,元/公斤,,154,2024-12-25,2024-12-26 23:08:37
腊鸭（板鸭）,元/只,,23,2024-12-25,2024-12-26 23:08:37
小鱼干（山坑鱼仔）,元/公斤,,92,2024-12-25,2024-12-26 23:08:37
金装春卷皮,包,,17,2024-12-25,2024-12-26 23:08:37
乌冬面,箱,,76,2024-12-25,2024-12-26 23:08:37
意粉,元/公斤,,11.6,2024-12-25,2024-12-26 23:08:37
马蹄糕,元/公斤,,13,2024-12-25,2024-12-26 23:08:37
红豆糕,元/公斤,,15.6,2024-12-25,2024-12-26 23:08:37
杂粮糕,元/公斤,,18,2024-12-25,2024-12-26 23:08:37
伦教糕,元/公斤,,14,2024-12-25,2024-12-26 23:08:37
白糖糕,元/公斤,,14,2024-12-25,2024-12-26 23:08:37
松糕,元/公斤,,14,2024-12-25,2024-12-26 23:08:37
马拉糕,包,0.4kg/包,14,2024-12-25,2024-12-26 23:08:37
水晶饼,包,12个/包,5.6,2024-12-25,2024-12-26 23:08:37
马拉糕,盘,3.5kg/盘,43,2024-12-25,2024-12-26 23:08:37
绿茶饼（960g）,盒,,21,2024-12-25,2024-12-26 23:08:37
甜梅菜,元/公斤,,11,2024-12-25,2024-12-26 23:08:37
宏盛萝卜脯,元/箱,,120,2024-12-25,2024-12-26 23:08:37
顶级甜梅菜,元/箱,,35,2024-12-25,2024-12-26 23:08:37
黄豆,元/公斤,,11,2024-12-25,2024-12-26 23:08:37
眉豆,元/公斤,,15,2024-12-25,2024-12-26 23:08:37
燕麦,元/公斤,,13,2024-12-25,2024-12-26 23:08:37
银耳,元/公斤,,70,2024-12-25,2024-12-26 23:08:37
薏米,元/公斤,,29,2024-12-25,2024-12-26 23:08:37
西米,元/公斤,,10,2024-12-25,2024-12-26 23:08:37
紫菜,元/公斤,,140,2024-12-25,2024-12-26 23:08:37
红薯粉条,元/公斤,,13,2024-12-25,2024-12-26 23:08:37
干香菇,元/公斤,,108,2024-12-25,2024-12-26 23:08:37
干白菊花,元/公斤,,150,2024-12-25,2024-12-26 23:08:37
桂圆肉,元/公斤,,75,2024-12-25,2024-12-26 23:08:37
干玉竹,元/公斤,,56,2024-12-25,2024-12-26 23:08:37
干淮山,元/公斤,,43,2024-12-25,2024-12-26 23:08:37
杞子,元/公斤,,56,2024-12-25,2024-12-26 23:08:37
椰枣,元/公斤,,70,2024-12-25,2024-12-26 23:08:37
糯米,元/公斤,,9,2024-12-25,2024-12-26 23:08:37
裕丰蛋黄面,箱,,67,2024-12-25,2024-12-26 23:08:37
大碗面（添添）,箱,,42,2024-12-25,2024-12-26 23:08:37
金斯奇米粉8kg,包,,69,2024-12-25,2024-12-26 23:08:37
刘家河100/120鸡全翅6%,1*10kg/箱,,29,2024-12-25,2024-12-26 23:08:37
刘家河120/130鸡全翅6%,1*10kg/箱,,29,2024-12-25,2024-12-26 23:08:37
刘家河130/150鸡全翅6%,1*10kg/箱,,29,2024-12-25,2024-12-26 23:08:37
宏丰18只西装鸡6%,1*9.8kg/箱,,17.4,2024-12-25,2024-12-26 23:08:37
中德6只直脚三黄鸡6%,1*9kg/箱,,14.5,2024-12-25,2024-12-26 23:08:37
中德7只直脚三黄鸡6%,1*9.5kg/箱,,15.1,2024-12-25,2024-12-26 23:08:37
中德8只直脚三黄鸡6%,1*9.5kg/箱,,14.6,2024-12-25,2024-12-26 23:08:37
温氏7只三黄鸡6%,1*9.5kg/箱,,16,2024-12-25,2024-12-26 23:08:37
鸿润100/120琵琶腿6%,1*10kg/箱,,18.9,2024-12-25,2024-12-26 23:08:37
六和100/120琵琶腿6%,1*10kg/箱,,18.9,2024-12-25,2024-12-26 23:08:37
九股河100/120琵琶腿6%,1*10kg/箱,,19.5,2024-12-25,2024-12-26 23:08:37
六和120/130琵琶腿6%,1*10kg/箱,,17.1,2024-12-25,2024-12-26 23:08:37
九股河120/140琵琶腿6%,1*10kg/箱,,17.9,2024-12-25,2024-12-26 23:08:37
鸿润130/150琵琶腿6%,1*10kg/箱,,16,2024-12-25,2024-12-26 23:08:37
鸿润150g上琵琶腿0%,1*10kg/箱,,13.6,2024-12-25,2024-12-26 23:08:37
九股河140/160琵琶腿6%,1*10kg/箱,,17.1,2024-12-25,2024-12-26 23:08:37
鸿润4条鸡全腿6%,1*10kg/箱,,20,2024-12-25,2024-12-26 23:08:37
九股河4条鸡全腿6%,1*9kg/箱,,20,2024-12-25,2024-12-26 23:08:37
九股河200/250排腿6%,1*10kg/箱,,18.8,2024-12-25,2024-12-26 23:08:37
六和5条鸡全腿6%,1*10kg/箱,,21.2,2024-12-25,2024-12-26 23:08:37
鸿润5条鸡全腿6%,1*10kg/箱,,22.7,2024-12-25,2024-12-26 23:08:37
九股河5条鸡全腿6%,1*10kg/箱,,22.7,2024-12-25,2024-12-26 23:08:37
九股河250/300排腿6%,1*8.4kg/箱,,17.4,2024-12-25,2024-12-26 23:08:37
鸿润鸡肾8%,1*10kg/箱,,17.9,2024-12-25,2024-12-26 23:08:37
穆伊一鸡肾8%,1*10kg/箱,,14.9,2024-12-25,2024-12-26 23:08:37
鸿润鸡小肚8%,1*10kg/箱,,4.8,2024-12-25,2024-12-26 23:08:37
隆泰鸡胸肉10%,1*9kg/箱,,12.2,2024-12-25,2024-12-26 23:08:37
六和鸡胸肉8%,1*10kg/箱,,13.3,2024-12-25,2024-12-26 23:08:37
九股河鸡胸肉8%,1*10kg/箱,,13.6,2024-12-25,2024-12-26 23:08:37
九股河带皮鸡腿肉(乇乇肉)5%,1*11.4kg/箱,,18.8,2024-12-25,2024-12-26 23:08:37
刘家河鸡腿肉（乇乇肉）10%,1*12kg/箱,,18.8,2024-12-25,2024-12-26 23:08:37
鸿润鸡腿肉（乇乇肉）12%,1*12kg/箱,,17.7,2024-12-25,2024-12-26 23:08:37
隆泰鸡腿肉（乇乇肉）18%,1*11.4kg/箱,,14.6,2024-12-25,2024-12-26 23:08:37
和盛鸡腿肉（乇乇肉）18%,1*11.4kg/箱,,14.3,2024-12-25,2024-12-26 23:08:37
太合70/80去皮腿肉11%,1*11.25kg/箱,,26,2024-12-25,2024-12-26 23:08:37
九股河带骨上腿肉8%,1*9.7kg/箱,,16.3,2024-12-25,2024-12-26 23:08:37
和盛带骨上腿肉6%,1*9.7kg/箱,,14.8,2024-12-25,2024-12-26 23:08:37
鸿润3/6去皮腿肉丁8%,1*12kg/箱,,16.3,2024-12-25,2024-12-26 23:08:37
正大3/6去皮腿肉丁8%,1*12kg/箱,,15.7,2024-12-25,2024-12-26 23:08:37
圣农带皮腿小块8%,1*20kg/箱,,9.7,2024-12-25,2024-12-26 23:08:37
九股河40/50鸡翅根6%,1*10kg/箱,,16.8,2024-12-25,2024-12-26 23:08:37
九股河50/60鸡翅根6%,1*10kg/箱,,16.3,2024-12-25,2024-12-26 23:08:37
鸿润50g上鸡翅根8%,1*10kg/箱,,15,2024-12-25,2024-12-26 23:08:37
九股河60g上鸡翅根8%,1*10kg/箱,,15.7,2024-12-25,2024-12-26 23:08:37
鸿润40/50鸡翅中5%,1*10kg/箱,,46,2024-12-25,2024-12-26 23:08:37
六和M鸡翅中6%,1*10kg/箱,,43.6,2024-12-25,2024-12-26 23:08:37
九股河40/50鸡翅中6%,1*10kg/箱,,48,2024-12-25,2024-12-26 23:08:37
刘家河去尾鸡边腿(大边)6%,1*10kg/箱,,12.5,2024-12-25,2024-12-26 23:08:37
刘家河去尾鸡边腿(中边)6%,1*10kg/箱,,13.7,2024-12-25,2024-12-26 23:08:37
九股河去尾鸡边腿(中边)6%,1*10kg/箱,,13.7,2024-12-25,2024-12-26 23:08:37
鸿润中鸡尖6%,1*10kg/箱,,10.2,2024-12-25,2024-12-26 23:08:37
九股河大鸡尖6%,1*10kg/箱,,11.9,2024-12-25,2024-12-26 23:08:37
九股河30/40鸡脚6%,1*9kg/箱,,39.8,2024-12-25,2024-12-26 23:08:37
九股河40/50鸡脚6%,1*9kg/箱,,39.8,2024-12-25,2024-12-26 23:08:37
九股河35/40凤爪5%,1*9.8kg/箱,,57.2,2024-12-25,2024-12-26 23:08:37
和盛掌中宝(少肉)8%,1*10kg/箱,,53.8,2024-12-25,2024-12-26 23:08:37
六和半片鸭6%,1*9.5kg/箱,,8.7,2024-12-25,2024-12-26 23:08:37
六和鸭边腿6%,1*9.5kg/箱,,8.5,2024-12-25,2024-12-26 23:08:37
圣沣鸭边腿6%,1*10kg/箱,,8.5,2024-12-25,2024-12-26 23:08:37
圣沣鸭三节6%,1*9.8kg/箱,,10.5,2024-12-25,2024-12-26 23:08:37
圣沣L鸭二节6%,1*10kg/箱,,13.6,2024-12-25,2024-12-26 23:08:37
圣沣M鸭二节6%,1*10kg/箱,,11.9,2024-12-25,2024-12-26 23:08:37
圣沣精品鸭中翅6%,1*10kg/箱,,16.1,2024-12-25,2024-12-26 23:08:37
圣沣鸭翅根6%,1*10kg/箱,,7.3,2024-12-25,2024-12-26 23:08:37
圣沣白条鸭6%,1*13.5kg/箱,,11,2024-12-25,2024-12-26 23:08:37
圣沣白条鸭6%,1*14.1kg/箱,,11,2024-12-25,2024-12-26 23:08:37
圣沣白条鸭6%,1*14.7kg/箱,,11.1,2024-12-25,2024-12-26 23:08:37
圣沣白条鸭6%,1*15.3kg/箱,,11.1,2024-12-25,2024-12-26 23:08:37
桂柳白条鸭A6%,1*13.8kg/箱,,11,2024-12-25,2024-12-26 23:08:37
圣沣带皮鸭胸肉(修边)8%,1*10kg/箱,,11.9,2024-12-25,2024-12-26 23:08:37
圣沣去皮鸭胸肉8%,1*10kg/箱,,13.8,2024-12-25,2024-12-26 23:08:37
金鹏前排8%,1*10kg/箱,,32.2,2024-12-25,2024-12-26 23:08:37
顺发前排8%,1*10kg/箱,,32.2,2024-12-25,2024-12-26 23:08:37
发记一级排骨粒0%,1*10kg/箱,,36.1,2024-12-25,2024-12-26 23:08:37
发记二级排骨粒0%,1*10kg/箱,,26.4,2024-12-25,2024-12-26 23:08:37
万润肋排8%,1*10kg/箱,,69.6,2024-12-25,2024-12-26 23:08:37
斯坦瑞短猪尾8%,1*10kg/箱,,62.3,2024-12-25,2024-12-26 23:08:37
金鹏脊骨8%,1*10kg/箱,,19.6,2024-12-25,2024-12-26 23:08:37
金鹏带肉筒骨8%,1*10kg/箱,,15.1,2024-12-25,2024-12-26 23:08:37
超强筒骨8%,1*10kg/箱,,8.5,2024-12-25,2024-12-26 23:08:37
万润猪手8%,1*10kg/箱,,47.4,2024-12-25,2024-12-26 23:08:37
金锣猪手8%,1*10kg/箱,,47.4,2024-12-25,2024-12-26 23:08:37
万润猪圆蹄8%,1*10kg/箱,,27.3,2024-12-25,2024-12-26 23:08:37
龙大猪后肘0%,1*10kg/箱,,27.3,2024-12-25,2024-12-26 23:08:37
发记猪肘粒0%,1*10kg/箱,,26.6,2024-12-25,2024-12-26 23:08:37
发记猪手粒8%,1*10kg/箱,,27.6,2024-12-25,2024-12-26 23:08:37
金鹏1#精肉8%,1*25kg/箱,,34.2,2024-12-25,2024-12-26 23:08:37
凯泰1#精肉8%,1*25kg/箱,,34.2,2024-12-25,2024-12-26 23:08:37
扬翔3#精肉0%,1*25kg/箱,,36.3,2024-12-25,2024-12-26 23:08:37
金鹏3#精肉8%,1*25kg/箱,,36.3,2024-12-25,2024-12-26 23:08:37
扬翔4#精肉8%,1*25kg/箱,,32.4,2024-12-25,2024-12-26 23:08:37
宏达去皮上肉8%,1*25kg/箱,,24.9,2024-12-25,2024-12-26 23:08:37
新农去皮上肉8%,1*25kg/箱,,24.9,2024-12-25,2024-12-26 23:08:37
金鹏一级有皮花肉8%,1*10kg/箱,,28.7,2024-12-25,2024-12-26 23:08:37
斯坦瑞有皮花肉8%,1*25kg/箱,,34.6,2024-12-25,2024-12-26 23:08:37
金鹏带皮前上肉8%,1*10kg/箱,,17.8,2024-12-25,2024-12-26 23:08:37
鑫盛源去皮大五花8%,1*10kg/箱,,25.4,2024-12-25,2024-12-26 23:08:37
金锣去皮大五花8%,1*10kg/箱,,25.8,2024-12-25,2024-12-26 23:08:37
冠宇脊膘8%,1*25kg/箱,,13.3,2024-12-25,2024-12-26 23:08:37
万润去皮猪槽肉8%,1*25kg/箱,,13.7,2024-12-25,2024-12-26 23:08:37
万润猪耳10%,1*10kg/箱,,59.5,2024-12-25,2024-12-26 23:08:37
万润猪肚15%,1*10kg/箱,,58.8,2024-12-25,2024-12-26 23:08:37
东启带皮猪肉块0%,1*10kg/箱,,150,2024-12-25,2024-12-26 23:08:37
东启带皮猪肉片0%,1*10kg/箱,,150,2024-12-25,2024-12-26 23:08:37
东启去皮猪肉片0%,1*10kg/箱,,150,2024-12-25,2024-12-26 23:08:37
宏睿爽脆肚尖0%,1*10kg/箱,,372.7,2024-12-25,2024-12-26 23:08:37
合兴牛杂10%,1*25kg/箱,,33.9,2024-12-25,2024-12-26 23:08:37
龙跃80#牛腩8%,抄码,,56.4,2024-12-25,2024-12-26 23:08:37
龙跃90#牛腩8%,抄码,,60.6,2024-12-25,2024-12-26 23:08:37
龙跃90#牛碎肉8%,抄码,,44.2,2024-12-25,2024-12-26 23:08:37
龙跃牛霖8%,抄码,,72.6,2024-12-25,2024-12-26 23:08:37
龙跃牛肉8%,抄码,,57.5,2024-12-25,2024-12-26 23:08:37
阿根廷牛腱8%,抄码,,64.5,2024-12-25,2024-12-26 23:08:37
龙跃牛腱0%,抄码,,68.5,2024-12-25,2024-12-26 23:08:37
康厨广式牛杂8kg0%,2kg/包*4包/箱,,375.1,2024-12-25,2024-12-26 23:08:37
2号秋刀鱼5%,1*9.5kg/箱,,0,2024-12-25,2024-12-26 23:08:37
名海三去南仓鱼10%,1*6kg/箱,,20.2,2024-12-25,2024-12-26 23:08:37
石浦80/90南仓鱼10%,1*7.8kg/箱,,20,2024-12-25,2024-12-26 23:08:37
石浦90/110南仓鱼10%,1*7.8kg/箱,,26.6,2024-12-25,2024-12-26 23:08:37
福多多100/200金仓鱼20%,1*10kg/箱,,26.6,2024-12-25,2024-12-26 23:08:37
环球200/300金仓鱼15%,1*10kg/箱,,30.3,2024-12-25,2024-12-26 23:08:37
旺鑫80/100红三鱼10%,1*10kg/箱,,26,2024-12-25,2024-12-26 23:08:37
旺鑫100/150红三鱼10%,1*10kg/箱,,29.6,2024-12-25,2024-12-26 23:08:37
信豪池鱼10%,1*9.5kg/箱,,10.2,2024-12-25,2024-12-26 23:08:37
旺鑫去头池鱼10%,1*5.5kg/箱,,14.6,2024-12-25,2024-12-26 23:08:37
渔汇臻源多春鱼10%,1*5kg/箱,,26.9,2024-12-25,2024-12-26 23:08:37
闽正泥鳅鱼20%,1*5kg/箱,,14.3,2024-12-25,2024-12-26 23:08:37
旺鑫沙尖鱼10%,1*10kg/箱,,41.3,2024-12-25,2024-12-26 23:08:37
越洋鱿鱼10%,1*10kg/箱,,36.3,2024-12-25,2024-12-26 23:08:37
越洋一级鱿鱼筒10%,1*5kg/箱,,49.5,2024-12-25,2024-12-26 23:08:37
丰华蟹柳0%,2.5kg/包*6包/箱,,145.2,2024-12-25,2024-12-26 23:08:37
海欣鼓山仿蟹肉棒0%,2.5kg/包*4包/箱,,136.7,2024-12-25,2024-12-26 23:08:37
津津墨鱼花（白）0%,1.5kg/包*4包/箱,,127.1,2024-12-25,2024-12-26 23:08:37
高技鱼肉卷0%,2.5kg/包*4包/箱,,131.9,2024-12-25,2024-12-26 23:08:37
津津鱼肉卷0%,2.5kg/包*4包/箱,,135.5,2024-12-25,2024-12-26 23:08:37
津津仿鲍鱼片0%,2.5kg/包*4包/箱,,158.5,2024-12-25,2024-12-26 23:08:37
东华西式火腿0%,2.5kg/条*5条/箱,,36.7,2024-12-25,2024-12-26 23:08:37
东华三文治0%,2.8kg/条*5条/箱,,55.9,2024-12-25,2024-12-26 23:08:37
皇上皇三文治0%,2.5kg/条*5条/箱,,290.4,2024-12-25,2024-12-26 23:08:37
艾格兄弟去壳鹌鹑蛋0%,2.7kg/包*6包/箱,,181.5,2024-12-25,2024-12-26 23:08:37
海欣蟹籽宝0%,2.5kg/包*4包/箱,,261.4,2024-12-25,2024-12-26 23:08:37
罗定皱纹鱼腐0%,1*5kg/箱,,192.4,2024-12-25,2024-12-26 23:08:37
津津酿豆腐0%,2.5kg/包*4包/箱,,174.2,2024-12-25,2024-12-26 23:08:37
津津包心鱼豆腐0%,2.5kg/包*4包/箱,,154.9,2024-12-25,2024-12-26 23:08:37
津津B级鱼豆腐0%,2.5kg/包*4包/箱,,113.7,2024-12-25,2024-12-26 23:08:37
金锣珍料鱼豆腐0%,2.5kg/包*4包/箱,,154.9,2024-12-25,2024-12-26 23:08:37
安井包心鱼豆腐0%,2.5kg/包*4包/箱,,192.4,2024-12-25,2024-12-26 23:08:37
金锣珍料千叶豆腐0%,2.5kg/包*4包/箱,,92,2024-12-25,2024-12-26 23:08:37
高技日本豆腐0%,100g/支*40支/箱,,24.2,2024-12-25,2024-12-26 23:08:37
肥佬大客腐0%,2.5kg/包*6包/箱,,393.3,2024-12-25,2024-12-26 23:08:37
吉安红豆派0%,80g/条*10条*12盒/箱,,242,2024-12-25,2024-12-26 23:08:37
吉安菠萝派0%,80g/条*10条*12盒/箱,,242,2024-12-25,2024-12-26 23:08:37
吉安香芋派0%,80g/条*10条*12盒/箱,,242,2024-12-25,2024-12-26 23:08:37
麦可益汉堡包胚0%,360g/6个*24包/箱,,113.7,2024-12-25,2024-12-26 23:08:37
奥昆红豆饼0%,20个层*14层/箱,,228.7,2024-12-25,2024-12-26 23:08:37
奥昆绿豆饼0%,20个层*14层/箱,,242,2024-12-25,2024-12-26 23:08:37
六记雄原味猪肉丸0%,500g/包*20包/箱,,349.7,2024-12-25,2024-12-26 23:08:37
立笙猪肉丸0%,2.5kg/包*4包/箱,,174.2,2024-12-25,2024-12-26 23:08:37
佳业猪肉丸0%,2.5kg/包*4包/箱,,236,2024-12-25,2024-12-26 23:08:37
高技猪肉风味丸(美食)0%,2.5kg/包*4包/箱,,129.5,2024-12-25,2024-12-26 23:08:37
立笙包心贡丸0%,2.5kg/包*4包/箱,,191.2,2024-12-25,2024-12-26 23:08:37
高技包心贡丸（A）0%,2.5kg/包*4包/箱,,171.8,2024-12-25,2024-12-26 23:08:37
高技包心贡丸（B）0%,2.5kg/包*4包/箱,,163.4,2024-12-25,2024-12-26 23:08:37
立笙香菇贡丸0%,2.5kg/包*4包/箱,,174.2,2024-12-25,2024-12-26 23:08:37
佳业香菇贡丸0%,2.5kg/包*4包/箱,,238.4,2024-12-25,2024-12-26 23:08:37
津津B级香菇贡丸0%,2.5kg/包*4包/箱,,165.8,2024-12-25,2024-12-26 23:08:37
津津狮子头35g0%,2.5kg/包*4包/箱,,131.9,2024-12-25,2024-12-26 23:08:37
凤祥马蹄鸡肉狮子头0%,1*8kg/箱,,168.2,2024-12-25,2024-12-26 23:08:37
大虞海派四喜丸0%,2.5kg/包*4包/箱,,154.9,2024-12-25,2024-12-26 23:08:37
立笙牛筋丸0%,2.5kg/包*4包/箱,,186.3,2024-12-25,2024-12-26 23:08:37
千年记爽脆牛筋丸0%,2.5kg/包*4包/箱,,373.9,2024-12-25,2024-12-26 23:08:37
浩洋牛筋丸0%,2.5kg/包*4包/箱,,363,2024-12-25,2024-12-26 23:08:37
立笙牛肉丸(中)0%,2.5kg/包*4包/箱,,177.9,2024-12-25,2024-12-26 23:08:37
六记雄畅享潮汕牛肉丸12kg0%,500g/包*24包/箱,,388.4,2024-12-25,2024-12-26 23:08:37
佳业牛肉丸0%,2.5kg/包*4包/箱,,236,2024-12-25,2024-12-26 23:08:37
浩洋牛肉丸0%,2.5kg/包*4包/箱,,342.4,2024-12-25,2024-12-26 23:08:37
万壮牛肉丸0%,500g/包*20包/箱,,409,2024-12-25,2024-12-26 23:08:37
海欣脆皮玉米香肠0%,1.5kg/包*8包/箱,,217.8,2024-12-25,2024-12-26 23:08:37
金锣脆骨台式烤香肠0%,70g/条*180条/箱,,222.6,2024-12-25,2024-12-26 23:08:37
金锣原味道地肠0%,60g/支*10kg/箱,,317,2024-12-25,2024-12-26 23:08:37
金锣原味道地肠60g0%,2.5kg/包*4包/箱,,317,2024-12-25,2024-12-26 23:08:37
金锣黑椒道地肠60g0%,2.5kg/包*4包/箱,,317,2024-12-25,2024-12-26 23:08:37
金锣肠仔0%,32g/条*100条/箱,,44.8,2024-12-25,2024-12-26 23:08:37
高技桂花肠（白）0%,2.5kg/包*4包/箱,,152.5,2024-12-25,2024-12-26 23:08:37
高技腰花肠（白）0%,2.5kg/包*4包/箱,,152.5,2024-12-25,2024-12-26 23:08:37
高技原味香肠(富贵)0%,2.5kg/包*4包/箱,,199.7,2024-12-25,2024-12-26 23:08:37
高技顶好原味热狗肠0%,500g/包*20包/箱,,150,2024-12-25,2024-12-26 23:08:37
高技顶好黑胡椒热狗肠0%,500g/包*20包/箱,,150,2024-12-25,2024-12-26 23:08:37
高技海南亲亲肠0%,2.5kg/包*4包/箱,,170.6,2024-12-25,2024-12-26 23:08:37
高技顶味原味一口爽0%,2.5kg/包*4包/箱,,175.5,2024-12-25,2024-12-26 23:08:37
高技顶味黑椒一口爽0%,2.5kg/包*4包/箱,,175.5,2024-12-25,2024-12-26 23:08:37
津津原味一口肠(B)0%,2.5kg/包*4包/箱,,173,2024-12-25,2024-12-26 23:08:37
津津波波肠0%,2.5kg/包*4包/箱,,193.6,2024-12-25,2024-12-26 23:08:37
三鼎牛肚串0%,20串/包*10包/箱,,302.5,2024-12-25,2024-12-26 23:08:37
润千年五花肉串0%,20串/750g*10包/箱,,202.1,2024-12-25,2024-12-26 23:08:37
御思源牛肉串0%,30串/包*10包/箱,,236,2024-12-25,2024-12-26 23:08:37
御思源羊肉串0%,30串/包*10包/箱,,236,2024-12-25,2024-12-26 23:08:37
津津原味弹力肠0%,900g/包*10包/箱,,147.6,2024-12-25,2024-12-26 23:08:37
津津烧汁烤鱼棒0%,2.5kg/包*4包/箱,,159.7,2024-12-25,2024-12-26 23:08:37
鲁一霖脆皮年糕串0%,50g/串*200串/箱,,92,2024-12-25,2024-12-26 23:08:37
鲁一霖黄金薯塔串0%,110g/串*50串/箱,,104.1,2024-12-25,2024-12-26 23:08:37
和兴鱼皮角0%,350g/盒*30盒/箱,,605,2024-12-25,2024-12-26 23:08:37
三全菌菇三鲜蒸饺0%,960g/48个*6包/箱,,156.1,2024-12-25,2024-12-26 23:08:37
三全玉米猪肉蒸饺20g0%,960g/48个*6包/箱,,156.1,2024-12-25,2024-12-26 23:08:37
三全餐饮玉米猪肉蒸煎饺0%,1kg/包*10包/箱,,116.2,2024-12-25,2024-12-26 23:08:37
三全菌菇三鲜蒸煎饺0%,20g*50个*10包/箱,,116.2,2024-12-25,2024-12-26 23:08:37
三全韭菜猪肉蒸煎饺20g0%,1kg/包*10包/箱,,116.2,2024-12-25,2024-12-26 23:08:37
三全白菜猪肉蒸煎饺20g0%,1kg/包*10包/箱,,116.2,2024-12-25,2024-12-26 23:08:37
小馋童大油条80g0%,800g/10条*10包,,105.3,2024-12-25,2024-12-26 23:08:37
三全酥脆油条0%,800g/20条*6包/箱,,82.3,2024-12-25,2024-12-26 23:08:37
小馋童韭菜盒0%,780g/6只*12包/箱,,110.1,2024-12-25,2024-12-26 23:08:37
嘉福芋圆0%,500g/包*20包/箱,,174.2,2024-12-25,2024-12-26 23:08:37
快厨花生汤圆0%,1kg/包*10包/箱,,111.3,2024-12-25,2024-12-26 23:08:37
快厨黑芝麻汤圆0%,1kg/包*10包/箱,,111.3,2024-12-25,2024-12-26 23:08:37
三全原味手抓饼0%,3kg/25片/包*4包/箱,,105.3,2024-12-25,2024-12-26 23:08:37
三全原味手抓饼0%,80g/片*15片/包*6包/箱,,89.5,2024-12-25,2024-12-26 23:08:37
三全葱香手抓饼0%,80g/片*15片/包*6包/箱,,89.5,2024-12-25,2024-12-26 23:08:37
三全素馅春卷0%,180g/包*24包/箱,,85.9,2024-12-25,2024-12-26 23:08:37
三全香芋地瓜丸20g0%,400g/20个/包*10包/箱,,48.4,2024-12-25,2024-12-26 23:08:37
三全芝麻球22g0%,260g/包*20包/箱,,65.3,2024-12-25,2024-12-26 23:08:37
津津翡翠干蒸0%,2.5kg/包*4包/箱,,129.5,2024-12-25,2024-12-26 23:08:37
津津鲜肉干蒸0%,2.5kg/包*4包/箱,,137.9,2024-12-25,2024-12-26 23:08:37
津津糯米烧卖0%,2.5kg/包*4包/箱,,134.3,2024-12-25,2024-12-26 23:08:37
齐善新滋味素排骨0%,200g/包*20包/箱,,199.7,2024-12-25,2024-12-26 23:08:37
齐善香辣素肉丝酱0%,500g/包*20包/箱,,263.8,2024-12-25,2024-12-26 23:08:37
齐善素叉烧0%,200g/包*24包/箱,,243.2,2024-12-25,2024-12-26 23:08:37
齐善甘露素火腿0%,450g/包*16包/箱,,359.4,2024-12-25,2024-12-26 23:08:37
齐善轻辣卤水素鸡0%,200g/包*24包/箱,,191.2,2024-12-25,2024-12-26 23:08:37
和盛掌中宝(多肉)8%,1.8kg/包*6包/箱,,22.8,2024-12-25,2024-12-26 23:08:37
圣农鸡壳8%,1*7kg/箱,,3.8,2024-12-25,2024-12-26 23:08:37
瑞欣鸡胸架8%,1*10kg/箱,,10.3,2024-12-25,2024-12-26 23:08:37
博润黄焖鸡块8%,1*10kg/箱,,163.4,2024-12-25,2024-12-26 23:08:37
宏丰14只烤鸡0%,1*10kg/箱,,194.8,2024-12-25,2024-12-26 23:08:37
宏丰16只烤鸡0%,1*10kg/箱,,198.4,2024-12-25,2024-12-26 23:08:37
至丰炸凤爪S10%,5kg/包*2包/箱,,336.4,2024-12-25,2024-12-26 23:08:37
荷风口口香0%,1kg/包*10包/箱,,211.8,2024-12-25,2024-12-26 23:08:37
荷风台式鸡柳0%,1*10kg/箱,,211.8,2024-12-25,2024-12-26 23:08:37
丰盛无骨鸡柳0%,2.5kg/包*4包/箱,,162.1,2024-12-25,2024-12-26 23:08:37
康程泰雪花鸡柳0%,900g/包*10包/箱,,141.6,2024-12-25,2024-12-26 23:08:37
佳士博原味鸡米花0%,1kg/包*10包/箱,,177.9,2024-12-25,2024-12-26 23:08:37
佳士博藤椒鸡米花0%,1kg/包*10包/箱,,177.9,2024-12-25,2024-12-26 23:08:37
丰盛鸡米花0%,2.5kg/包*4包/箱,,162.1,2024-12-25,2024-12-26 23:08:37
大成盐酥鸡0%,2.5kg/包*4包/箱,,292.8,2024-12-25,2024-12-26 23:08:37
鲁一霖爆汁盐酥鸡0%,950g/包*10包/箱,,147.6,2024-12-25,2024-12-26 23:08:37
康程泰小酥肉0%,800g/包*10包/箱,,137.9,2024-12-25,2024-12-26 23:08:37
金锣农家小酥肉0%,1kg/包*10包/箱,,215.4,2024-12-25,2024-12-26 23:08:37
佳士博小酥肉0%,800g/包*10包/箱,,177.9,2024-12-25,2024-12-26 23:08:37
大虞锅包肉0%,800g/包*10包/箱,,145.2,2024-12-25,2024-12-26 23:08:37
正大柳叶脆香鸡0%,1kg/包*10包/箱,,136.7,2024-12-25,2024-12-26 23:08:37
正大薯乐鸡块（黑椒）0%,900g/包*10包/箱,,160.9,2024-12-25,2024-12-26 23:08:37
正大薯乐鸡块（原味）0%,900g/包*10包/箱,,152.5,2024-12-25,2024-12-26 23:08:37
立群带骨鸡块0%,2.25kg/包*4包/箱,,127.1,2024-12-25,2024-12-26 23:08:37
佳士博原味鸡块0%,1*12kg/箱,,151.3,2024-12-25,2024-12-26 23:08:37
瑞发德黑椒鸡块0%,2.5kg/包*4包/箱,,164.6,2024-12-25,2024-12-26 23:08:37
瑞发德龙骨脆0%,2.5kg/包*4包/箱,,171.8,2024-12-25,2024-12-26 23:08:37
瑞发德咕咾肉0%,2.5kg/包*4包/箱,,228.7,2024-12-25,2024-12-26 23:08:37
凤祥香脆半翅0%,2.5kg/包*4包/箱,,185.1,2024-12-25,2024-12-26 23:08:37
鲁一霖疯狂半翅0%,1kg*10包/箱,,152.5,2024-12-25,2024-12-26 23:08:37
瑞发德奥尔良翅根0%,2.5kg/包*4包/箱,,211.8,2024-12-25,2024-12-26 23:08:37
瑞发德香辣翅根0%,1kg/包*10包/箱,,232.3,2024-12-25,2024-12-26 23:08:37
瑞发德奥尔良翅中0%,1kg/包*10包/箱,,438,2024-12-25,2024-12-26 23:08:37
瑞发德奥尔良鸡全腿0%,2.5kg/包*4包/箱,,239.6,2024-12-25,2024-12-26 23:08:37
瑞发德奥尔良琵琶腿0%,2.5kg/包*4包/箱,,215.4,2024-12-25,2024-12-26 23:08:37
瑞发德沂蒙小炒肉0%,2.5kg/包*6包/箱,,248.1,2024-12-25,2024-12-26 23:08:37
佳士博奥尔良腿排0%,90g/片*100片/箱,,183.9,2024-12-25,2024-12-26 23:08:37
瑞发德奥尔良腿排0%,1kg/10片/包*10包/箱,,257.7,2024-12-25,2024-12-26 23:08:37
惠发奥尔良胸排0%,95g/片*100片/箱,,188.8,2024-12-25,2024-12-26 23:08:37
大成奥尔良鸡扒0%,2.2kg/包*4包/箱,,213,2024-12-25,2024-12-26 23:08:37
赛星奥尔良腿排0%,1*10kg/箱,,233.5,2024-12-25,2024-12-26 23:08:37
康鲜U家黑椒脆皮鸡扒0%,100g/片*100片/箱,,261.4,2024-12-25,2024-12-26 23:08:37
瑞发德黑椒鸡扒0%,100g/片*100片/箱,,202.1,2024-12-25,2024-12-26 23:08:37
千般就黑椒脆皮鸡扒0%,1kg/包*10包/箱,,274.7,2024-12-25,2024-12-26 23:08:37
千般就原味脆皮鸡扒0%,1kg/包*10包/箱,,274.7,2024-12-25,2024-12-26 23:08:37
佳士博藤椒大鸡排0%,95g/片*100片/箱,,216.6,2024-12-25,2024-12-26 23:08:37
佳士博香辣鸡排0%,90g/片*100片/箱,,187.6,2024-12-25,2024-12-26 23:08:37
佳士博咔滋脆鸡排0%,90g/片*100片/箱,,205.7,2024-12-25,2024-12-26 23:08:37
立群咔滋脆鸡排(原味)0%,1kg/包*10包/箱,,192.4,2024-12-25,2024-12-26 23:08:37
瑞发德黄金脆鸡排0%,100g/个*100个/箱,,215.4,2024-12-25,2024-12-26 23:08:37
大虞炫酷鸡排0%,80g/片*100片/箱,,191.2,2024-12-25,2024-12-26 23:08:37
益客川香鸡柳0%,50g/串*100串/箱,,107.7,2024-12-25,2024-12-26 23:08:37
益客多骨肉相连0%,950g/20串*10包/箱,,208.1,2024-12-25,2024-12-26 23:08:37
瑞发德糖醋里脊0%,2.5kg/包*4包/箱,,181.5,2024-12-25,2024-12-26 23:08:37
千般就黑椒蝴蝶鸡腿仔0%,1*10kg/箱,,236,2024-12-25,2024-12-26 23:08:37
千般就蒜香蝴蝶鸡肶仔0%,1kg*10包/箱,,236,2024-12-25,2024-12-26 23:08:37
春冠二级光鹅8%,抄码,,16.1,2024-12-25,2024-12-26 23:08:37
圣沣鸭腿块0%,1*10kg/箱,,112.5,2024-12-25,2024-12-26 23:08:37
佳合鸭血0%,300g/盒*20盒/箱,,19.8,2024-12-25,2024-12-26 23:08:37
众客鸭血0%,300g/盒*20盒/箱,,19.8,2024-12-25,2024-12-26 23:08:37
千腊村原味烟鸭胸肉0%,1*10kg/箱,,265,2024-12-25,2024-12-26 23:08:37
千腊村黑椒烟鸭胸肉0%,1*10kg/箱,,265,2024-12-25,2024-12-26 23:08:37
志杨味皇爆炒肉片0%,2.5kg/包*4包/箱,,174.2,2024-12-25,2024-12-26 23:08:37
赐隆爆炒肉片(牛肉风味）0%,2.5kg/包*4包/箱,,147.6,2024-12-25,2024-12-26 23:08:37
赐隆爆炒肉片(猪肉风味)0%,2.5kg/包*4包/箱,,147.6,2024-12-25,2024-12-26 23:08:37
赐隆爆炒肉片15kg0%,2.5kg/包*6包/箱,,255.3,2024-12-25,2024-12-26 23:08:37
赐隆麻辣肉片0%,2.5kg/包*4包/箱,,187.6,2024-12-25,2024-12-26 23:08:37
惠发蚝油肉片0%,1kg/包*10包/箱,,156.1,2024-12-25,2024-12-26 23:08:37
惠发黑椒柳条0%,1kg/包*10包/箱,,156.1,2024-12-25,2024-12-26 23:08:37
纳佰味鲜味鸭丁0%,1kg/包*10包/箱,,238.4,2024-12-25,2024-12-26 23:08:37
纳佰味黑椒鸭柳0%,1kg/包*10包/箱,,238.4,2024-12-25,2024-12-26 23:08:37
伟红八支蒜香骨0%,500g/包*20包/箱,,652.2,2024-12-25,2024-12-26 23:08:37
伟红十支蒜香骨（精装箱）0%,500g/包*20包/箱,,665.5,2024-12-25,2024-12-26 23:08:37
伟红蒜香骨（条）0%,2.5kg/包*4包/箱,,523.9,2024-12-25,2024-12-26 23:08:37
伟红陈皮骨粒0%,400g/包*20包/箱,,442.9,2024-12-25,2024-12-26 23:08:37
新雨润8支手抓扇子骨(孜然味)5A0%,800g/包*10包/箱,,394.5,2024-12-25,2024-12-26 23:08:37
如意三宝手抓扇子骨0%,800g/包*10包/箱,,383.6,2024-12-25,2024-12-26 23:08:37
康鲜U家豉汁排骨0%,2kg/包*4包/箱,,198.4,2024-12-25,2024-12-26 23:08:37
千般就饭堂豉汁排骨0%,2.5kg/包*4包/箱,,248.1,2024-12-25,2024-12-26 23:08:37
尚好蔡饭堂蒸排骨0%,2.5kg/包*4包/箱,,289.2,2024-12-25,2024-12-26 23:08:37
尚好蔡蒜香小排0%,400g/包*25包/箱,,346.1,2024-12-25,2024-12-26 23:08:37
尚好蔡黄金脆皮骨0%,400g/包*20包/箱,,289.2,2024-12-25,2024-12-26 23:08:37
冠进碳烧猪颈肉0%,2.5kg/包*4包/箱,,348.5,2024-12-25,2024-12-26 23:08:37
伟红碳烧猪颈肉0%,2.5kg/包*4包/箱,,355.7,2024-12-25,2024-12-26 23:08:37
发记A肉胶0%,2.5kg/包*4包/箱,,202.1,2024-12-25,2024-12-26 23:08:37
发记AA肉胶0%,2.5kg/包*4包/箱,,221.4,2024-12-25,2024-12-26 23:08:37
发记AAA肉胶0%,2.5kg/包*4包/箱,,242,2024-12-25,2024-12-26 23:08:37
发记冬菇肉胶0%,2.5kg/包*4包/箱,,221.4,2024-12-25,2024-12-26 23:08:37
发记AA梅菜肉胶0%,2.5kg/包*4包/箱,,221.4,2024-12-25,2024-12-26 23:08:37
发记AA玉米肉胶0%,2.5kg/包*4包/箱,,221.4,2024-12-25,2024-12-26 23:08:37
大成新梅菜肉饼0%,2.75kg/包*4包/箱,,256.5,2024-12-25,2024-12-26 23:08:37
六记雄猪肉卷B0%,2.5kg/包*4包/箱,,226.3,2024-12-25,2024-12-26 23:08:37
六记雄猪肉卷A0%,2.5kg/包*4包/箱,,250.5,2024-12-25,2024-12-26 23:08:37
六记雄潮汕猪肉饼0%,500g/包*20包/箱,,323.1,2024-12-25,2024-12-26 23:08:37
金锣精制培根0%,1.5kg/包*8包/箱,,321.9,2024-12-25,2024-12-26 23:08:37
南阳雪花培根0%,1.5kg/包*8包/箱,,227.5,2024-12-25,2024-12-26 23:08:37
鲁一霖超值培根0%,1.5kg/包*8包/箱,,158.5,2024-12-25,2024-12-26 23:08:37
尚好蔡猪肉片0%,2.5kg/包*4包/箱,,295.2,2024-12-25,2024-12-26 23:08:37
赐隆猪肉片0%,2.5kg/包*4包/箱,,229.9,2024-12-25,2024-12-26 23:08:37
赐隆猪肉丝0%,2.5kg/包*4包/箱,,229.9,2024-12-25,2024-12-26 23:08:37
赐隆猪心片0%,2.5kg/包*6包/箱,,348.5,2024-12-25,2024-12-26 23:08:37
赐隆展肉片0%,2.5kg/包*6包/箱,,249.3,2024-12-25,2024-12-26 23:08:37
纳佰味鲜味脆骨0%,1kg/包*10包/箱,,220.2,2024-12-25,2024-12-26 23:08:37
千般就黑椒T骨猪扒0%,1kg/包*10包/箱,,363,2024-12-25,2024-12-26 23:08:37
尚好蔡黑椒T骨猪扒0%,100g/片*100片/箱,,363,2024-12-25,2024-12-26 23:08:37
南阳超值雪花扒0%,2kg/包*6包/箱,,321.9,2024-12-25,2024-12-26 23:08:37
康厨飘香牛腩2kg0%,2kg/包*4包/箱,,418.7,2024-12-25,2024-12-26 23:08:37
康厨牛腩粒0%,2.5kg/包*4包/箱,,563.9,2024-12-25,2024-12-26 23:08:37
康厨牛肉片0%,2.5kg/包*4包/箱,,538.5,2024-12-25,2024-12-26 23:08:37
长喜厨房嫩滑牛肉片0%,500g/包*20包/箱,,550.6,2024-12-25,2024-12-26 23:08:37
尚好蔡原味牛肉片0%,500g/包*20包/箱,,643.7,2024-12-25,2024-12-26 23:08:37
尚好蔡牛肉胶0%,2.5kg/包*4包/箱,,268.6,2024-12-25,2024-12-26 23:08:37
尚好蔡原味牛肉粒0%,1kg/包*10包/箱,,402.9,2024-12-25,2024-12-26 23:08:37
追牛族黑椒牛仔骨A0%,400g/包*20包/箱,,752.6,2024-12-25,2024-12-26 23:08:37
闽正牛蛙20%,1*5kg/箱,,24.8,2024-12-25,2024-12-26 23:08:37
越洋二级鱿鱼筒30%,1*10kg/箱,,39.8,2024-12-25,2024-12-26 23:08:37
港洋5成71/90虾仁50%,1*5kg/箱,,40.5,2024-12-25,2024-12-26 23:08:37
港洋9成71/90虾仁10%,1*5kg/箱,,67.2,2024-12-25,2024-12-26 23:08:37
港洋9成21/25虾仁10%,1*5kg/箱,,77,2024-12-25,2024-12-26 23:08:37
港洋二级26/30熟虾65%,1*4.5kg/箱,,19.5,2024-12-25,2024-12-26 23:08:37
港洋一级26/30熟虾35%,1*4.5kg/箱,,30,2024-12-25,2024-12-26 23:08:37
港洋一级21/25熟虾35%,1*4.5kg/箱,,32.3,2024-12-25,2024-12-26 23:08:37
环球8成去皮龙利鱼柳20%,1*10kg/箱,,20.2,2024-12-25,2024-12-26 23:08:37
福多多9成去皮龙利鱼柳20%,1*10kg/箱,,20.2,2024-12-25,2024-12-26 23:08:37
港洋一级黄金贝0%,1*4.5kg/箱,,70.2,2024-12-25,2024-12-26 23:08:37
港洋蓝口贝0%,1*10kg/箱,,233.5,2024-12-25,2024-12-26 23:08:37
金月湾清水鱼皮50%,1*10kg/箱,,121,2024-12-25,2024-12-26 23:08:37
明宇章鱼须0%,1*3.75kg/箱,,107.7,2024-12-25,2024-12-26 23:08:37
环球纯虾滑0%,150g/包*30包/箱,,381.2,2024-12-25,2024-12-26 23:08:37
港洋AAA虾滑0%,500g/包*20包/箱,,692.1,2024-12-25,2024-12-26 23:08:37
三意荷包蛋0%,50只/包*4包/箱,,170.6,2024-12-25,2024-12-26 23:08:37
佳士博仿鱿鱼花0%,1.5kg/包*4包/箱,,101.6,2024-12-25,2024-12-26 23:08:37
嗨御膳模拟跳跳虾0%,2kg/包*4包/箱,,194.8,2024-12-25,2024-12-26 23:08:37
惠发炸牛奶0%,300g/包*24包/箱,,196,2024-12-25,2024-12-26 23:08:37
惠发脆香藕盒0%,1kg/包*10包/箱,,154.9,2024-12-25,2024-12-26 23:08:37
津津腐皮卷0%,2.5kg/包*4包/箱,,225.1,2024-12-25,2024-12-26 23:08:37
大成洋葱鸡肉圈0%,800g/包*10包/箱,,153.7,2024-12-25,2024-12-26 23:08:37
硕倍鲜甜青豆A0%,1kg/包*10包/箱,,94.4,2024-12-25,2024-12-26 23:08:37
硕倍鲜甜青豆B0%,1kg/包*10包/箱,,81.1,2024-12-25,2024-12-26 23:08:37
硕倍鲜甜玉米粒A0%,1kg/包*10包/箱,,83.5,2024-12-25,2024-12-26 23:08:37
硕倍鲜甜玉米粒B0%,1kg/包*10包/箱,,62.9,2024-12-25,2024-12-26 23:08:37
硕倍鲜杂豆A0%,1kg/包*10包/箱,,83.5,2024-12-25,2024-12-26 23:08:37
硕倍鲜杂豆B0%,1kg/包*10包/箱,,62.9,2024-12-25,2024-12-26 23:08:37
黑沃土玉米棒0%,1*40条/箱,,112.5,2024-12-25,2024-12-26 23:08:37
妙典槟榔芋条0%,1.5kg/包*8包/箱,,225.1,2024-12-25,2024-12-26 23:08:37
楚荷香清水莲藕0%,1.5kg/包*5包/箱,,47.2,2024-12-25,2024-12-26 23:08:37
纯源海带丝0%,1*6kg/箱,,88.3,2024-12-25,2024-12-26 23:08:37
康藻宝海带结0%,1*5kg/箱,,88.3,2024-12-25,2024-12-26 23:08:37
高技魔芋丝0%,200g/盒*20盒/箱,,55.7,2024-12-25,2024-12-26 23:08:37
众乐购笋尖0%,500g*20包/箱,,148.8,2024-12-25,2024-12-26 23:08:37
奥昆老婆饼0%,20个层*13层/箱,,202.1,2024-12-25,2024-12-26 23:08:37
威可斯港式蛋挞皮0%,1*350个/箱,,142.8,2024-12-25,2024-12-26 23:08:37
大佬强港式2103蛋挞皮0%,527g/34个/袋*10袋/箱,,147.6,2024-12-25,2024-12-26 23:08:37
大佬强2107港式蛋挞皮0%,34个/袋*10袋/箱,,147.6,2024-12-25,2024-12-26 23:08:37
大佬强牛角包(原味)20#0%,288g/16个*6包/箱,,142.8,2024-12-25,2024-12-26 23:08:37
麦肯1/4铜牌薯条0%,2kg/包*6包/箱,,131.9,2024-12-25,2024-12-26 23:08:37
高技牛肉风味丸(美食)0%,2.5kg/包*4包/箱,,129.5,2024-12-25,2024-12-26 23:08:37
高技牛筋风味丸0%,2.5kg/包*4包/箱,,191.2,2024-12-25,2024-12-26 23:08:37
立笙撒尿牛肉丸0%,2.5kg/包*4包/箱,,198.4,2024-12-25,2024-12-26 23:08:37
亚细撒尿肉丸0%,2.5KG/包*4包/箱,,187.6,2024-12-25,2024-12-26 23:08:37
海仔撒尿肉丸0%,2.5KG/包*4包/箱,,127.1,2024-12-25,2024-12-26 23:08:37
津津包心鱼丸0%,2.5kg/包*4包/箱,,154.9,2024-12-25,2024-12-26 23:08:37
津津鱼丸（大）0%,2.5kg/包*4包/箱,,137.9,2024-12-25,2024-12-26 23:08:37
高技包心鱼风味丸0%,2.5kg/包*4包/箱,,170.6,2024-12-25,2024-12-26 23:08:37
高技炸鱼丸B0%,2.5kg/包*4包/箱,,134.3,2024-12-25,2024-12-26 23:08:37
平海炸鱼蛋B0%,2.5kg/包*4包/箱,,225.1,2024-12-25,2024-12-26 23:08:37
立笙仿龙虾球0%,2.5kg/包*4包/箱,,190,2024-12-25,2024-12-26 23:08:37
佳业龙虾丸0%,2.5kg/包*4包/箱,,205.7,2024-12-25,2024-12-26 23:08:37
津津龙虾风味球B0%,2.5kg/包*4包/箱,,148.8,2024-12-25,2024-12-26 23:08:37
立笙墨鱼丸0%,2.5kg/包*4包/箱,,202.1,2024-12-25,2024-12-26 23:08:37
津津墨鱼风味丸B0%,2.5kg/包*4包/箱,,187.6,2024-12-25,2024-12-26 23:08:37
津津黄金炸鱼蛋B(小)0%,2.5kg/包*4包/箱,,139.2,2024-12-25,2024-12-26 23:08:37
平海墨鱼丸0%,2.5kg/包*4包/箱,,222.6,2024-12-25,2024-12-26 23:08:37
浩洋深海墨鱼丸0%,2.5kg/包*4包/箱,,359.4,2024-12-25,2024-12-26 23:08:37
高技黄金炸鱼丸A0%,2.5kg/包*4包/箱,,194.8,2024-12-25,2024-12-26 23:08:37
六记雄黄金鱼蛋0%,500g/包*20包/箱,,280.7,2024-12-25,2024-12-26 23:08:37
四海鱼蛋0%,2.5kg/包*4包/箱,,300,2024-12-25,2024-12-26 23:08:37
津津原味热狗肠B0%,2.5kg/包*4包/箱,,135.5,2024-12-25,2024-12-26 23:08:37
津津黑椒热狗肠B0%,2.5kg/包*4包/箱,,135.5,2024-12-25,2024-12-26 23:08:37
津津B级脆皮肠0%,2.5kg/包*4包/箱,,170.6,2024-12-25,2024-12-26 23:08:37
津津开花脆皮肠0%,2.5kg/包*4包/箱,,188.8,2024-12-25,2024-12-26 23:08:37
津津芝士波波肠0%,2.5kg/包*4包/箱,,300.1,2024-12-25,2024-12-26 23:08:37
津津桂花形肠（白）0%,2.5kg/包*4包/箱,,135.5,2024-12-25,2024-12-26 23:08:37
津津腰花形肠（白）0%,2.5kg/包*4包/箱,,148.8,2024-12-25,2024-12-26 23:08:37
立笙黑椒热狗肠0%,2.5kg/包*4包/箱,,156.1,2024-12-25,2024-12-26 23:08:37
立笙原味热狗肠0%,2.5kg/包*4包/箱,,156.1,2024-12-25,2024-12-26 23:08:37
立笙黑椒台式香肠0%,2.4kg/30支/包*8包/箱,,283.1,2024-12-25,2024-12-26 23:08:37
立笙原味台式香肠0%,2.4kg/30支/包*8包/箱,,283.1,2024-12-25,2024-12-26 23:08:37
南阳波波肠(珍珠肠)0%,2.5kg/包*4包/箱,,185.1,2024-12-25,2024-12-26 23:08:37
南阳粒粒脆0%,2.5kg/包*4包/箱,,192.4,2024-12-25,2024-12-26 23:08:37
洪顺C级腊肠0%,1*5kg/箱,,187.6,2024-12-25,2024-12-26 23:08:37
洪顺B级腊肠0%,1*5kg/箱,,236,2024-12-25,2024-12-26 23:08:37
大成德式香肠30g0%,1kg/包*12包/箱,,534.8,2024-12-25,2024-12-26 23:08:37
鲁一霖拉丝芝士棒0%,800g/包*9包/箱,,205.7,2024-12-25,2024-12-26 23:08:37
新四连豆腐串0%,20串/包*5包/箱,,61.7,2024-12-25,2024-12-26 23:08:37
三鼎牛杂串0%,20串/包*10包/箱,,228.7,2024-12-25,2024-12-26 23:08:37
伊德纯羊肉串0%,20g/串*300串/箱,,163.4,2024-12-25,2024-12-26 23:08:37
伊德纯牛肉串0%,20g/串*300串/箱,,61.7,2024-12-25,2024-12-26 23:08:37
天久香台式热狗0%,80g/条*180条/箱,,228.7,2024-12-25,2024-12-26 23:08:37
远祥A级槟榔芋串0%,20串*8包/箱,,226.3,2024-12-25,2024-12-26 23:08:37
入口为鲜三鲜猪肉饺0%,,,16.5,2024-12-25,2024-12-26 23:08:37
入口为鲜韭菜猪肉饺0%,,,16.5,2024-12-25,2024-12-26 23:08:37
入口为鲜三鲜猪肉饺0%,,,16.5,2024-12-25,2024-12-26 23:08:37
入口为鲜韭菜猪肉饺0%,,,16.5,2024-12-25,2024-12-26 23:08:37
入口为鲜冬菇猪肉饺0%,,,16.5,2024-12-25,2024-12-26 23:08:37
入口为鲜玉米猪肉饺0%,,,16.5,2024-12-25,2024-12-26 23:08:37
高技翡翠干蒸0%,2.5kg/包*4包/箱,,128.3,2024-12-25,2024-12-26 23:08:37
津津糯米鸡150g0%,150g/只*72只/箱,,162.1,2024-12-25,2024-12-26 23:08:37
津津糯米鸡120g0%,720g/6只*84只/箱,,175.5,2024-12-25,2024-12-26 23:08:37
何海记糯米鸡0%,160g/个*4个/包*16包/箱,,10.4,2024-12-25,2024-12-26 23:08:37
何海记糯米烧麦0%,720g/包*15包/箱,,18.9,2024-12-25,2024-12-26 23:08:37
阿诺黑糯米糕0%,360g/12个*20包/箱,,116.2,2024-12-25,2024-12-26 23:08:37
阿诺雪花南瓜饼0%,300g/12个*16包/箱,,61.7,2024-12-25,2024-12-26 23:08:37
阿诺绿茶佛饼0%,896g/32个*6盒/箱,,127.1,2024-12-25,2024-12-26 23:08:37
绿鸿潮州粉果0%,840g/12个*20包/箱,,387.2,2024-12-25,2024-12-26 23:08:37
绿鸿蜂巢糕0%,400g/12个*12包/箱,,210.5,2024-12-25,2024-12-26 23:08:37
绿鸿蜂蜜糕0%,380g/12个*12包/箱,,164.6,2024-12-25,2024-12-26 23:08:37
绿鸿黄金糕0%,500g/12个*24包/箱,,174.2,2024-12-25,2024-12-26 23:08:37
绿鸿客家艾糍（米糍）0%,540g/12个*12包/箱,,209.3,2024-12-25,2024-12-26 23:08:37
椰汁马蹄糕0%,,,168,2024-12-25,2024-12-26 23:08:37
潮州粉果0%,,,218,2024-12-25,2024-12-26 23:08:37
斋善年年鱼0%,300g/包*20包/箱,,298.9,2024-12-25,2024-12-26 23:08:37
靓上靓素紫菜鸭0%,250g/包,,13.3,2024-12-25,2024-12-26 23:08:37
鸿昶植物基黑椒猪排0%,2.5kg/包*4包/箱,,527.6,2024-12-25,2024-12-26 23:08:37
鸿昶植物基麦可鸡块0%,2.5kg/包*4包/箱,,448.9,2024-12-25,2024-12-26 23:08:37
奇乡素珍珠鲍0%,250g/包*20包/箱,,344.9,2024-12-25,2024-12-26 23:08:37
海天海鲜酱,桶-1*2桶*7kg,,80,2024-12-25,2024-12-26 23:08:37
海天柱侯酱,桶-1*2桶*6.5kg,,68,2024-12-25,2024-12-26 23:08:37
海天金标生抽,罐-1*6罐*1.9L,,20,2024-12-25,2024-12-26 23:08:37
海天海天银标生抽,罐-1*6罐*1.9L,,18,2024-12-25,2024-12-26 23:08:37
海天黄豆酱,瓶-230克*15瓶,,7,2024-12-25,2024-12-26 23:08:37
海天英标鲜味汁,桶-1*2桶*10.5L,,36,2024-12-25,2024-12-26 23:08:37
海天皇标老抽,桶-1*2桶*10.5L,,43,2024-12-25,2024-12-26 23:08:37
海天海天甜醋,桶-4.9L,,63,2024-12-25,2024-12-26 23:08:37
海天海天甜醋,罐-1.9L,,33,2024-12-25,2024-12-26 23:08:37
海天海天上等蚝油,桶-1*10kg*2桶,,57,2024-12-25,2024-12-26 23:08:37
海天盐焗鸡粉,包-1*12包*500g,,14,2024-12-25,2024-12-26 23:08:37
海天盐焗鸡粉,盒-1*12包*30g,,6.5,2024-12-25,2024-12-26 23:08:37
海天草菇老抽,罐-1.9L,,26,2024-12-25,2024-12-26 23:08:37
海天蚝油皇,桶-1*6kg*2桶,,61,2024-12-25,2024-12-26 23:08:37
海天海天卤水汁,瓶-1*24瓶*250g,,6,2024-12-25,2024-12-26 23:08:37
海天蒸鱼豉油,瓶-1*500ml*12瓶,,10.5,2024-12-25,2024-12-26 23:08:37
海天冰梅酱,瓶-250g,,8,2024-12-25,2024-12-26 23:08:37
海天白醋,瓶-450ml,,5,2024-12-25,2024-12-26 23:08:37
海天番茄沙司,瓶-510g,,8,2024-12-25,2024-12-26 23:08:37
蒜茸辣椒酱,瓶-1*15*230g,,5.5,2024-12-25,2024-12-26 23:08:37
海天银标生抽豉油,瓶-1*500ml*12瓶,,6.3,2024-12-25,2024-12-26 23:08:37
啤酒,瓶-,,5,2024-12-25,2024-12-26 23:08:37
老干妈,瓶-1*24瓶*280g,,10.5,2024-12-25,2024-12-26 23:08:37
厨邦特级生抽,瓶-1*6瓶*1.8L,,15,2024-12-25,2024-12-26 23:08:37
甘竹鲮鱼罐头,罐-227克*24罐,,16,2024-12-25,2024-12-26 23:08:37
太太乐鸡精,包-454g*20包,,16.5,2024-12-25,2024-12-26 23:08:37
古越龙山花雕酒,瓶-12*600ml,,10.5,2024-12-25,2024-12-26 23:08:37
绍兴料酒,瓶-1*12*500ml,,4.6,2024-12-25,2024-12-26 23:08:37
广味源胡椒粉,包-1*20*454g,,7.5,2024-12-25,2024-12-26 23:08:37
汇品麻油,罐-2.3L,,38,2024-12-25,2024-12-26 23:08:37
海天芝麻香油,瓶-1*24瓶*150ml,,11.5,2024-12-25,2024-12-26 23:08:37
味事达味极鲜,罐-1*1.6L*6瓶,,23,2024-12-25,2024-12-26 23:08:37
黎红花椒油,瓶-1*12*360ml,,17,2024-12-25,2024-12-26 23:08:37
椒盐粉,包-,,5,2024-12-25,2024-12-26 23:08:37
南德村南德料,包-1*50*130g,,4,2024-12-25,2024-12-26 23:08:37
麻辣鲜,包-1*5包*22袋*46g,,24,2024-12-25,2024-12-26 23:08:37
鸡泽县利丰红油豆瓣酱,桶-1*4*4kg,,32,2024-12-25,2024-12-26 23:08:37
山西陈醋,瓶-1*20*420ml,,2.1,2024-12-25,2024-12-26 23:08:37
白砂糖,袋-1*50kg,,376,2024-12-25,2024-12-26 23:08:37
冰片糖,斤-1*10斤,,4.5,2024-12-25,2024-12-26 23:08:37
冰糖,斤-,,5.8,2024-12-25,2024-12-26 23:08:37
美嘉成南乳,瓶-,,6.5,2024-12-25,2024-12-26 23:08:37
中南鲍汁,瓶-1*12*390g,,9.5,2024-12-25,2024-12-26 23:08:37
广合腐乳,瓶-,,8.5,2024-12-25,2024-12-26 23:08:37
红星二锅头,瓶-1*12,,15,2024-12-25,2024-12-26 23:08:37
30g阳江豆豉（粤天荣）,箱-1*100包*30g,,90,2024-12-25,2024-12-26 23:08:37
2kg阳江豆豉（粤天荣）,包-1*5包*2kg,,26,2024-12-25,2024-12-26 23:08:37
家乐鸡精,包-1*10*900g,,25,2024-12-25,2024-12-26 23:08:37
风行炼奶,瓶-1*12*400g,,14.4,2024-12-25,2024-12-26 23:08:37
甜面酱,瓶-,,4.5,2024-12-25,2024-12-26 23:08:37
泰汁甜辣酱,瓶-,,18,2024-12-25,2024-12-26 23:08:37
家乐黑椒汁,罐-2.3kg*6瓶,,52,2024-12-25,2024-12-26 23:08:37
海天大红浙醋,瓶-,,6.5,2024-12-25,2024-12-26 23:08:37
彩田蜂蜜,瓶-,,5,2024-12-25,2024-12-26 23:08:37
粤盐普通加碘盐,件-1*40包*500g,,58,2024-12-25,2024-12-26 23:08:37
粤盐低钠盐,件-1*80包*250g,,165,2024-12-25,2024-12-26 23:08:37
双桥味精（幼针）,包-1*10包,,16,2024-12-25,2024-12-26 23:08:37
百钻无铅泡打粉500g,包-,,11.5,2024-12-25,2024-12-26 23:08:37
白莲蓉,件-,,190,2024-12-25,2024-12-26 23:08:37
红牡丹,包-,,138,2024-12-25,2024-12-26 23:08:37
白玉兰面粉,包-,,147,2024-12-25,2024-12-26 23:08:37
安琪酵母500g,包-,,23,2024-12-25,2024-12-26 23:08:37
糯米粉,包-,,190,2024-12-25,2024-12-26 23:08:37
兆雪澄面,包-,,149.5,2024-12-25,2024-12-26 23:08:37
裕景咖喱粉,包-,,10,2024-12-25,2024-12-26 23:08:37
三象粘米粉500g,包-,,7.6,2024-12-25,2024-12-26 23:08:37
食用碱,斤-,,4,2024-12-25,2024-12-26 23:08:37
孜然粉（包）,包-,,3.5,2024-12-25,2024-12-26 23:08:37
黄龙生粉,包-,,126.5,2024-12-25,2024-12-26 23:08:37
狮头小吉士粉,罐-,,20,2024-12-25,2024-12-26 23:08:37
烘焙奶粉,包-,,40,2024-12-25,2024-12-26 23:08:37
牛奶香粉,包-,,98,2024-12-25,2024-12-26 23:08:37
五香粉,包-,,6,2024-12-25,2024-12-26 23:08:37
李锦记蒸鱼豉油（410ml）,件-,,138,2024-12-25,2024-12-26 23:08:37
